{"cameraMode":{"drawMode":0,"name":"Shaded","section":"Shading Mode"},"sceneLighting":false,"audioPlay":false,"sceneViewState":{"m_AlwaysRefresh":false,"showFog":true,"showSkybox":false,"showFlares":true,"showImageEffects":true,"showParticleSystems":true,"showVisualEffectGraphs":true,"m_FxEnabled":true},"in2DMode":false,"pivot":{"x":0.03399384021759033,"y":0.766510009765625,"z":3.0259432792663576},"rotation":{"x":0.025497257709503175,"y":0.003915563691407442,"z":-0.00010015336738433689,"w":0.9996710419654846},"size":3.349764347076416,"orthographic":true}